NAMESPACE,POD,CONTAINER,WHOAMI,ID
airflow-grpo-tammy,ms-swift-prepull-gv9v9,pause,"",""
airflow-grpo-tammy,ms-swift-prepull-6bp7m,pause,"",""
agent,agent-redis-7b46988fb5-92knr,iservice-redis,"root","uid=0(root) gid=0(root) groups=0(root),1(bin),2(daemon),3(sys),4(adm),6(disk),10(wheel),11(floppy),20(dialout),26(tape),27(video)"
airflow-grpo-tammy,ms-swift-prepull-nxx5f,pause,"",""
airflow-grpo-tammy,ms-swift-prepull-l88xt,pause,"",""
airflow-grpo-tammy,ms-swift-prepull-f8tnq,pause,"",""
airflow-grpo-tammy,tammy-airflow-postgresql-0,postgresql,"",""
airflow-grpo-tammy,tammy-airflow-flower-6945fb8d78-9tk5z,flower,"airflow","uid=50000(airflow) gid=0(root) groups=0(root)"
airflow-grpo-tammy,ms-swift-prepull-jm5hz,pause,"",""
airflow-grpo-tammy,tammy-airflow-scheduler-bb67c9b69-mbvpm,scheduler,"",""
airflow-grpo-tammy,tammy-airflow-redis-0,redis,"root","uid=0(root) gid=0(root) groups=0(root)"
airflow-grpo-tammy,tammy-airflow-scheduler-bb67c9b69-mbvpm,git-sync,"git-sync","uid=65533(git-sync) gid=65533(git-sync) groups=65533(git-sync),0(root)"
airflow-grpo-tammy,ms-swift-prepull-w9h99,pause,"",""
airflow-grpo-tammy,tammy-airflow-scheduler-bb67c9b69-mbvpm,scheduler-log-groomer,"airflow","uid=50000(airflow) gid=0(root) groups=0(root)"
airflow-grpo-tammy,tammy-airflow-webserver-6875cd4649-4qfxf,webserver,"airflow","uid=50000(airflow) gid=0(root) groups=0(root)"
airflow-grpo-tammy,tammy-airflow-worker-0,worker,"airflow","uid=50000(airflow) gid=0(root) groups=0(root)"
airflow-grpo-tammy,tammy-airflow-triggerer-0,triggerer,"airflow","uid=50000(airflow) gid=0(root) groups=0(root)"
airflow-grpo-tammy,tammy-airflow-worker-0,worker-log-groomer,"airflow","uid=50000(airflow) gid=0(root) groups=0(root)"
airflow-tst,airflow-tst-dag-processor-8596c7dc48-kkm9j,dag-processor,"airflow","uid=50000(airflow) gid=0(root) groups=0(root)"
airflow-grpo-tammy,tammy-airflow-triggerer-0,triggerer-log-groomer,"airflow","uid=50000(airflow) gid=0(root) groups=0(root)"
airflow-tst,airflow-tst-dag-processor-8596c7dc48-kkm9j,git-sync,"git-sync","uid=65533(git-sync) gid=65533(git-sync) groups=65533(git-sync),0(root)"
airflow-grpo-tammy,tammy-airflow-statsd-7678998c7d-4jcxc,statsd,"nobody","uid=65534(nobody) gid=65534(nobody) groups=65534(nobody)"
airflow-tst,airflow-tst-dag-processor-8596c7dc48-kkm9j,dag-processor-log-groomer,"airflow","uid=50000(airflow) gid=0(root) groups=0(root)"
airflow-tst,airflow-tst-pgbouncer-bf58d64bf-x5z6b,metrics-exporter,"nobody","uid=65534(nobody) gid=65534(nobody) groups=65534(nobody)"
airflow-tst,airflow-tst-flower-6c97788657-j6nsz,flower,"airflow","uid=50000(airflow) gid=0(root) groups=0(root)"
airflow-tst,airflow-tst-pgbouncer-bf58d64bf-x5z6b,pgbouncer,"nobody","uid=65534(nobody) gid=65534(nobody) groups=65534(nobody)"
airflow-tst,airflow-tst-scheduler-c87c64f78-6qvqs,scheduler-log-groomer,"airflow","uid=50000(airflow) gid=0(root) groups=0(root)"
airflow-tst,airflow-tst-scheduler-c87c64f78-6qvqs,scheduler,"airflow","uid=50000(airflow) gid=0(root) groups=0(root)"
airflow-tst,airflow-tst-statsd-c59d4f5d-s2nd8,statsd,"nobody","uid=65534(nobody) gid=65534(nobody) groups=65534(nobody)"
airflow-tst,airflow-tst-webserver-7dfdc7c4f4-dmmc5,webserver,"airflow","uid=50000(airflow) gid=0(root) groups=0(root)"
airflow-tst,pgha-airflow-tst-postgresql-ha-pgpool-575c8d7c4-cvqzb,pgpool,"N/A","uid=1001 gid=1001 groups=1001"
airflow-tst,pgha-airflow-tst-postgresql-ha-pgpool-575c8d7c4-grqgz,pgpool,"N/A","uid=1001 gid=1001 groups=1001"
airflow-tst,pgha-airflow-tst-postgresql-ha-pgpool-575c8d7c4-lqchz,pgpool,"N/A","uid=1001 gid=1001 groups=1001"
airflow-tst,pgha-airflow-tst-postgresql-ha-postgresql-0,postgresql,"N/A","uid=1001 gid=1001 groups=1001"
airflow-tst,pgha-airflow-tst-postgresql-ha-postgresql-1,postgresql,"N/A","uid=1001 gid=1001 groups=1001"
airflow-tst,pgha-airflow-tst-postgresql-ha-postgresql-0,metrics,"N/A","uid=1001 gid=1001 groups=1001"
airflow-tst,pgha-airflow-tst-postgresql-ha-postgresql-2,postgresql,"N/A","uid=1001 gid=1001 groups=1001"
airflow-tst,redisha-airflow-tst-node-0,kubectl-shared,"N/A","uid=1001 gid=1001 groups=1001"
airflow-tst,redisha-airflow-tst-node-0,sentinel,"N/A","uid=1001 gid=1001 groups=1001"
airflow-tst,redisha-airflow-tst-node-0,metrics,"N/A","uid=1001 gid=1001 groups=1001"
airflow-tst,pgha-airflow-tst-postgresql-ha-postgresql-1,metrics,"N/A","uid=1001 gid=1001 groups=1001"
airflow-tst,pgha-airflow-tst-postgresql-ha-postgresql-2,metrics,"N/A","uid=1001 gid=1001 groups=1001"
airflow-tst,redisha-airflow-tst-node-0,redis,"N/A","uid=1001 gid=1001 groups=1001"
airflow-tst,redisha-airflow-tst-node-1,redis,"N/A","uid=1001 gid=1001 groups=1001"
airflow-tst,redisha-airflow-tst-node-1,sentinel,"N/A","uid=1001 gid=1001 groups=1001"
airflow-tst,redisha-airflow-tst-node-1,kubectl-shared,"N/A","uid=1001 gid=1001 groups=1001"
airflow,airflow-dag-processor-7c7c8bd8bb-2rl6k,dag-processor-log-groomer,"airflow","uid=50000(airflow) gid=0(root) groups=0(root)"
airflow-tst,redisha-airflow-tst-node-1,metrics,"N/A","uid=1001 gid=1001 groups=1001"
airflow-tst,redisha-airflow-tst-node-2,sentinel,"N/A","uid=1001 gid=1001 groups=1001"
airflow-tst,redisha-airflow-tst-node-2,metrics,"N/A","uid=1001 gid=1001 groups=1001"
airflow,airflow-dag-processor-7c7c8bd8bb-2rl6k,git-sync,"git-sync","uid=65533(git-sync) gid=65533(git-sync) groups=65533(git-sync),0(root)"
airflow,airflow-dag-processor-7c7c8bd8bb-2rl6k,dag-processor,"",""
airflow,airflow-flower-6876555f79-fc54d,flower,"airflow","uid=50000(airflow) gid=0(root) groups=0(root)"
airflow,airflow-pgbouncer-7546784bdc-mgkqk,metrics-exporter,"nobody","uid=65534(nobody) gid=65534(nobody) groups=65534(nobody)"
airflow-tst,redisha-airflow-tst-node-2,redis,"N/A","uid=1001 gid=1001 groups=1001"
airflow,airflow-statsd-6df8564664-67vl5,statsd,"nobody","uid=65534(nobody) gid=65534(nobody) groups=65534(nobody)"
airflow,airflow-triggerer-0,triggerer,"",""
airflow,airflow-scheduler-5fc8d95498-nm4xc,scheduler-log-groomer,"airflow","uid=50000(airflow) gid=0(root) groups=0(root)"
airflow-tst,redisha-airflow-tst-node-2,kubectl-shared,"N/A","uid=1001 gid=1001 groups=1001"
airflow,airflow-scheduler-5fc8d95498-nm4xc,scheduler,"airflow","uid=50000(airflow) gid=0(root) groups=0(root)"
airflow,airflow-triggerer-0,git-sync,"git-sync","uid=65533(git-sync) gid=65533(git-sync) groups=65533(git-sync),0(root)"
airflow,airflow-webserver-7cbb8fcc68-ckkw8,webserver,"airflow","uid=50000(airflow) gid=0(root) groups=0(root)"
airflow,pgha-airflow-postgresql-ha-pgpool-f8468ffb6-59lth,pgpool,"",""
airflow,airflow-triggerer-0,triggerer-log-groomer,"airflow","uid=50000(airflow) gid=0(root) groups=0(root)"
airflow,airflow-worker-0,worker,"airflow","uid=50000(airflow) gid=0(root) groups=0(root)"
airflow,airflow-pgbouncer-7546784bdc-mgkqk,pgbouncer,"nobody","uid=65534(nobody) gid=65534(nobody) groups=65534(nobody)"
airflow,airflow-worker-0,worker-log-groomer,"airflow","uid=50000(airflow) gid=0(root) groups=0(root)"
airflow,pgha-airflow-postgresql-ha-pgpool-f8468ffb6-9pv75,pgpool,"",""
airflow,pgha-airflow-postgresql-ha-pgpool-f8468ffb6-m5zzx,pgpool,"",""
airflow,redisha-airflow-node-0,redis,"N/A","uid=1001 gid=1001 groups=1001"
airflow,airflow-worker-0,git-sync,"git-sync","uid=65533(git-sync) gid=65533(git-sync) groups=65533(git-sync),0(root)"
airflow,pgha-airflow-postgresql-ha-postgresql-0,postgresql,"N/A","uid=1001 gid=1001 groups=1001"
airflow,pgha-airflow-postgresql-ha-postgresql-0,metrics,"N/A","uid=1001 gid=1001 groups=1001"
airflow,pgha-airflow-postgresql-ha-postgresql-2,metrics,"N/A","uid=1001 gid=1001 groups=1001"
airflow,pgha-airflow-postgresql-ha-postgresql-1,postgresql,"N/A","uid=1001 gid=1001 groups=1001"
airflow,redisha-airflow-node-0,metrics,"N/A","uid=1001 gid=1001 groups=1001"
airflow,redisha-airflow-node-0,sentinel,"N/A","uid=1001 gid=1001 groups=1001"
airflow,pgha-airflow-postgresql-ha-postgresql-1,metrics,"N/A","uid=1001 gid=1001 groups=1001"
airflow,pgha-airflow-postgresql-ha-postgresql-2,postgresql,"N/A","uid=1001 gid=1001 groups=1001"
airflow,redisha-airflow-node-1,kubectl-shared,"N/A","uid=1001 gid=1001 groups=1001"
airflow,redisha-airflow-node-0,kubectl-shared,"N/A","uid=1001 gid=1001 groups=1001"
airflow,redisha-airflow-node-2,redis,"N/A","uid=1001 gid=1001 groups=1001"
airflow,redisha-airflow-node-2,sentinel,"N/A","uid=1001 gid=1001 groups=1001"
airflow,redisha-airflow-node-1,redis,"N/A","uid=1001 gid=1001 groups=1001"
airflow,redisha-airflow-node-1,metrics,"N/A","uid=1001 gid=1001 groups=1001"
airflow,redisha-airflow-node-1,sentinel,"N/A","uid=1001 gid=1001 groups=1001"
airflow,redisha-airflow-node-2,metrics,"N/A","uid=1001 gid=1001 groups=1001"
baron-n8n,n8n-deployment-89df69b9d-v6pxh,n8n,"node","uid=1000(node) gid=1000(node) groups=1000(node)"
ambassador,traffic-manager-7dc6dbd755-6bv8k,traffic-manager,"N/A","uid=1000 gid=0(root) groups=0(root)"
airflow,redisha-airflow-node-2,kubectl-shared,"N/A","uid=1001 gid=1001 groups=1001"
baron-n8n,n8n-deployment-89df69b9d-nhjbj,n8n,"node","uid=1000(node) gid=1000(node) groups=1000(node)"
cchou0519,openai-api-forward-68879746b6-ldcmb,openai-api-proxy,"root","uid=0(root) gid=0(root) groups=0(root)"
cchou0519,openai-api-forward-68879746b6-pncmh,openai-api-proxy,"root","uid=0(root) gid=0(root) groups=0(root)"
baron,jupyter-deployment-6ccd96dcd4-r85kl,jupyter,"jovyan","uid=1000(jovyan) gid=100(users) groups=100(users)"
cert-manager,cert-manager-cainjector-c7d4dbdd9-b9sjj,cert-manager-cainjector,"",""
cchou0519,openai-api-forward-68879746b6-z8swb,openai-api-proxy,"root","uid=0(root) gid=0(root) groups=0(root)"
cert-manager,cert-manager-78dd5684c9-jt6jb,cert-manager-controller,"",""
cilium-test-1,client3-7f986c467b-7mmkx,client3,"root","uid=0(root) gid=0(root) groups=0(root),1(bin),2(daemon),3(sys),4(adm),6(disk),10(wheel),11(floppy),20(dialout),26(tape),27(video)"
cilium-test-1,client2-6b89df6c77-2lwhj,client2,"root","uid=0(root) gid=0(root) groups=0(root),1(bin),2(daemon),3(sys),4(adm),6(disk),10(wheel),11(floppy),20(dialout),26(tape),27(video)"
cilium-test-1,client-59476dbc54-cz69q,client,"root","uid=0(root) gid=0(root) groups=0(root),1(bin),2(daemon),3(sys),4(adm),6(disk),10(wheel),11(floppy),20(dialout),26(tape),27(video)"
cilium-test-1,echo-other-node-d9bf5c4c7-n94ph,echo-other-node,"root","uid=0(root) gid=0(root) groups=0(root)"
cilium-test-1,host-netns-gb26v,host-netns,"root","uid=0(root) gid=0(root) groups=0(root),1(bin),2(daemon),3(sys),4(adm),6(disk),10(wheel),11(floppy),20(dialout),26(tape),27(video)"
cilium-test-1,echo-other-node-d9bf5c4c7-n94ph,dns-test-server,"",""
cert-manager,cert-manager-webhook-847d7676c9-vvx2j,cert-manager-webhook,"",""
cilium-test-1,echo-same-node-79556b7775-7j5ph,echo-same-node,"root","uid=0(root) gid=0(root) groups=0(root)"
cilium-test-1,host-netns-6v879,host-netns,"root","uid=0(root) gid=0(root) groups=0(root),1(bin),2(daemon),3(sys),4(adm),6(disk),10(wheel),11(floppy),20(dialout),26(tape),27(video)"
cilium-test-1,host-netns-nl684,host-netns,"root","uid=0(root) gid=0(root) groups=0(root),1(bin),2(daemon),3(sys),4(adm),6(disk),10(wheel),11(floppy),20(dialout),26(tape),27(video)"
cilium-test-1,echo-same-node-79556b7775-7j5ph,dns-test-server,"",""
cilium-test-1,host-netns-8qj8m,host-netns,"root","uid=0(root) gid=0(root) groups=0(root),1(bin),2(daemon),3(sys),4(adm),6(disk),10(wheel),11(floppy),20(dialout),26(tape),27(video)"
clickhouse-operator,chi-ch-prod-main-0-0-0,clickhouse,"root","uid=0(root) gid=0(root) groups=0(root)"
cilium-test-1,host-netns-sfljr,host-netns,"root","uid=0(root) gid=0(root) groups=0(root),1(bin),2(daemon),3(sys),4(adm),6(disk),10(wheel),11(floppy),20(dialout),26(tape),27(video)"
cilium-test-1,host-netns-w6cfv,host-netns,"root","uid=0(root) gid=0(root) groups=0(root),1(bin),2(daemon),3(sys),4(adm),6(disk),10(wheel),11(floppy),20(dialout),26(tape),27(video)"
clickhouse-operator,chi-ch-prod-main-1-0-0,clickhouse,"root","uid=0(root) gid=0(root) groups=0(root)"
clickhouse-operator,chi-ch-prod-main-0-1-0,clickhouse,"root","uid=0(root) gid=0(root) groups=0(root)"
cilium-test-1,host-netns-t6qth,host-netns,"root","uid=0(root) gid=0(root) groups=0(root),1(bin),2(daemon),3(sys),4(adm),6(disk),10(wheel),11(floppy),20(dialout),26(tape),27(video)"
clickhouse-operator,chi-ch-prod-main-1-1-0,clickhouse,"root","uid=0(root) gid=0(root) groups=0(root)"
clickhouse-operator,chi-chi-keeper-sharded-main-0-1-0,clickhouse,"root","uid=0(root) gid=0(root) groups=0(root)"
clickhouse-operator,chi-ch-single-main-0-0-0,clickhouse,"root","uid=0(root) gid=0(root) groups=0(root)"
clickhouse-operator,chi-chi-keeper-sharded-main-0-0-0,clickhouse,"root","uid=0(root) gid=0(root) groups=0(root)"
clickhouse-operator,chi-chi-keeper-sharded-main-1-0-0,clickhouse,"root","uid=0(root) gid=0(root) groups=0(root)"
clickhouse-operator,chi-chi-keeper-sharded-main-1-1-0,clickhouse,"root","uid=0(root) gid=0(root) groups=0(root)"
clickhouse-operator,chk-clickhouse-keeper-chk01-0-1-0,clickhouse-keeper,"root","uid=0(root) gid=0(root) groups=0(root),1(bin),2(daemon),3(sys),4(adm),6(disk),10(wheel),11(floppy),20(dialout),26(tape),27(video)"
clickhouse-operator,chk-clickhouse-keeper-chk01-0-0-0,clickhouse-keeper,"root","uid=0(root) gid=0(root) groups=0(root),1(bin),2(daemon),3(sys),4(adm),6(disk),10(wheel),11(floppy),20(dialout),26(tape),27(video)"
clickhouse-operator,chk-clickhouse-keeper-chk01-0-2-0,clickhouse-keeper,"root","uid=0(root) gid=0(root) groups=0(root),1(bin),2(daemon),3(sys),4(adm),6(disk),10(wheel),11(floppy),20(dialout),26(tape),27(video)"
clickhouse-operator,clickhouse-operator-altinity-clickhouse-operator-5b79664b6gqpj9,altinity-clickhouse-operator,"N/A","N/A"
default,myapp-deployment-5fb667444b-2gbrv,nginx,"root","uid=0(root) gid=0(root) groups=0(root)"
default,db-6d9f87bb9b-dzph9,postgres,"root","uid=0(root) gid=0(root) groups=0(root),1(bin),2(daemon),3(sys),4(adm),6(disk),10(wheel),11(floppy),20(dialout),26(tape),27(video)"
clickhouse-operator,clickhouse-operator-altinity-clickhouse-operator-5b79664b6gqpj9,metrics-exporter,"N/A","N/A"
default,myapp-deployment-5fb667444b-6qhgw,nginx,"root","uid=0(root) gid=0(root) groups=0(root)"
default,myapp-deployment-5fb667444b-5h6vd,nginx,"root","uid=0(root) gid=0(root) groups=0(root)"
default,nginx-deployment-86dcfdf4c6-mngtb,nginx,"root","uid=0(root) gid=0(root) groups=0(root)"
default,redis-77fccb7f9-652rd,redis,"root","uid=0(root) gid=0(root) groups=0(root),1(bin),2(daemon),3(sys),4(adm),6(disk),10(wheel),11(floppy),20(dialout),26(tape),27(video)"
default,myapp-deployment-5fb667444b-schds,nginx,"root","uid=0(root) gid=0(root) groups=0(root)"
default,result-54b5ccfc95-xnwn2,result,"root","uid=0(root) gid=0(root) groups=0(root)"
default,vote-5655bd759-ttlcb,vote,"root","uid=0(root) gid=0(root) groups=0(root)"
default,nginx-deployment-86dcfdf4c6-flwm5,nginx,"root","uid=0(root) gid=0(root) groups=0(root)"
default,worker-7dd74bcbbb-r98nv,worker,"root","uid=0(root) gid=0(root) groups=0(root)"
devops-team,auth-workflow-deploy-86c794cbbb-4ts7q,auth-workflow,"root","uid=0(root) gid=0(root) groups=0(root)"
devops-team,auth-workflow-deploy-86c794cbbb-2hp26,auth-workflow,"root","uid=0(root) gid=0(root) groups=0(root)"
devops-team,auth-workflow-deploy-86c794cbbb-kp8xs,auth-workflow,"root","uid=0(root) gid=0(root) groups=0(root)"
dify-test,dify-test-postgresql-primary-0,postgresql,"",""
dify-test,dify-test-postgresql-read-0,postgresql,"N/A","uid=1001 gid=0(root) groups=0(root),1001"
dify-test,dify-test-proxy-7c7c65c987-q7gg8,nginx,"root","uid=0(root) gid=0(root) groups=0(root)"
dify-test,dify-test-redis-replicas-1,redis,"",""
dify-test,dify-test-sandbox-5cf4f78c67-k2mkm,sandbox,"root","uid=0(root) gid=0(root) groups=0(root)"
dify-test,dify-test-redis-replicas-0,redis,"N/A","uid=1001 gid=0(root) groups=0(root),1001"
dify-test,dify-test-web-d95d69cc8-fl9fg,web,"N/A","uid=1001 gid=0(root) groups=0(root)"
dify-test,dify-test-redis-replicas-2,redis,"N/A","uid=1001 gid=0(root) groups=0(root),1001"
dify-test,dify-test-redis-master-0,redis,"N/A","uid=1001 gid=0(root) groups=0(root),1001"
dify-test,weaviate-0,weaviate,"root","uid=0(root) gid=0(root) groups=0(root),1(bin),2(daemon),3(sys),4(adm),6(disk),10(wheel),11(floppy),20(dialout),26(tape),27(video)"
docusaurus,rap-docs-5f9f7c8f8d-tql7k,rap-docs,"root","uid=0(root) gid=0(root) groups=0(root),1(bin),2(daemon),3(sys),4(adm),6(disk),10(wheel),11(floppy),20(dialout),26(tape),27(video)"
docusaurus,rap-docs-proxy-76c69779d-l7hc6,nginx,"root","uid=0(root) gid=0(root) groups=0(root)"
dong-argo,dong-argo-argocd-application-controller-0,application-controller,"argocd","uid=999(argocd) gid=999(argocd) groups=999(argocd)"
dong-argo,dong-argo-argocd-dex-server-5ff74fdf88-t2cwh,dex-server,"N/A","uid=1001 gid=0(root) groups=0(root)"
dong-argo,dong-argo-argocd-redis-5d48db576f-qs2hj,redis,"redis","uid=999(redis) gid=1000(redis) groups=1000(redis)"
dong-argo,dong-argo-argocd-applicationset-controller-68c9dcc8db-bkst2,applicationset-controller,"argocd","uid=999(argocd) gid=999(argocd) groups=999(argocd)"
dong-argo,dong-argo-argocd-notifications-controller-b697f7597-b2r8t,notifications-controller,"argocd","uid=999(argocd) gid=999(argocd) groups=999(argocd)"
dong-argo,dong-argo-argocd-repo-server-5cd776ddfd-frmt4,repo-server,"argocd","uid=999(argocd) gid=999(argocd) groups=999(argocd)"
dong-argo,dong-argo-argocd-server-54dc65bbcd-crj6m,server,"argocd","uid=999(argocd) gid=999(argocd) groups=999(argocd)"
gpu-operator,chart-1747661706-node-feature-discovery-worker-g7xqd,worker,"",""
gpu-operator,chart-1747661706-node-feature-discovery-master-dc79d5f49-g4flp,master,"",""
gpu-operator,chart-1747661706-node-feature-discovery-worker-58lqv,worker,"",""
gpu-operator,chart-1747661706-node-feature-discovery-worker-68slm,worker,"",""
gpu-operator,chart-1747661706-node-feature-discovery-worker-djkx2,worker,"",""
gpu-operator,chart-1747661706-node-feature-discovery-gc-84d859fcd9-7dmh8,gc,"",""
gpu-operator,chart-1747661706-node-feature-discovery-worker-jk277,worker,"",""
gpu-operator,chart-1747661706-node-feature-discovery-worker-kx58j,worker,"",""
gpu-operator,chart-1747661706-node-feature-discovery-worker-lggj2,worker,"",""
gpu-operator,chart-1747661706-node-feature-discovery-worker-tv2j6,worker,"",""
gpu-operator,gpu-feature-discovery-d5qqg,gpu-feature-discovery,"root","uid=0(root) gid=0(root) groups=0(root)"
gpu-operator,gpu-feature-discovery-8m2kx,gpu-feature-discovery,"root","uid=0(root) gid=0(root) groups=0(root)"
gpu-operator,gpu-operator-699587c8fd-2lt8r,gpu-operator,"gpu-operator","uid=1000(gpu-operator) gid=1000(gpu-operator) groups=1000(gpu-operator)"
gpu-operator,iscsi-test-pod,app,"root","uid=0(root) gid=0(root) groups=0(root),10(wheel)"
gpu-operator,iscsi-test-pod2,app,"root","uid=0(root) gid=0(root) groups=0(root),10(wheel)"
gpu-operator,iservice-deployment-7cf55d8777-ppwbn,iservice,"appuser","uid=1000(appuser) gid=1000(appuser) groups=1000(appuser)"
gpu-operator,gpu-feature-discovery-hnq5l,gpu-feature-discovery,"root","uid=0(root) gid=0(root) groups=0(root)"
gpu-operator,gpu-feature-discovery-kfhnv,gpu-feature-discovery,"root","uid=0(root) gid=0(root) groups=0(root)"
gpu-operator,gpu-feature-discovery-2rb4b,gpu-feature-discovery,"root","uid=0(root) gid=0(root) groups=0(root)"
gpu-operator,nvidia-container-toolkit-daemonset-ckb8t,nvidia-container-toolkit-ctr,"root","uid=0(root) gid=0(root) groups=0(root)"
gpu-operator,nvidia-container-toolkit-daemonset-x99r6,nvidia-container-toolkit-ctr,"root","uid=0(root) gid=0(root) groups=0(root)"
gpu-operator,nvidia-dcgm-exporter-fdf7h,nvidia-dcgm-exporter,"root","uid=0(root) gid=0(root) groups=0(root)"
gpu-operator,nvidia-dcgm-exporter-sskvp,nvidia-dcgm-exporter,"root","uid=0(root) gid=0(root) groups=0(root)"
gpu-operator,nvidia-container-toolkit-daemonset-v9vpx,nvidia-container-toolkit-ctr,"root","uid=0(root) gid=0(root) groups=0(root)"
gpu-operator,nvidia-container-toolkit-daemonset-wntjp,nvidia-container-toolkit-ctr,"root","uid=0(root) gid=0(root) groups=0(root)"
gpu-operator,nvidia-dcgm-exporter-b2wh2,nvidia-dcgm-exporter,"root","uid=0(root) gid=0(root) groups=0(root)"
gpu-operator,nvidia-dcgm-exporter-tq86t,nvidia-dcgm-exporter,"root","uid=0(root) gid=0(root) groups=0(root)"
gpu-operator,nvidia-container-toolkit-daemonset-zfmkg,nvidia-container-toolkit-ctr,"root","uid=0(root) gid=0(root) groups=0(root)"
gpu-operator,nvidia-device-plugin-daemonset-8vc7p,nvidia-device-plugin,"root","uid=0(root) gid=0(root) groups=0(root)"
gpu-operator,nvidia-dcgm-exporter-xt4km,nvidia-dcgm-exporter,"root","uid=0(root) gid=0(root) groups=0(root)"
gpu-operator,nvidia-device-plugin-daemonset-v7tnq,nvidia-device-plugin,"root","uid=0(root) gid=0(root) groups=0(root)"
gpu-operator,nvidia-device-plugin-daemonset-qblsv,nvidia-device-plugin,"root","uid=0(root) gid=0(root) groups=0(root)"
gpu-operator,nvidia-device-plugin-daemonset-9vljw,nvidia-device-plugin,"root","uid=0(root) gid=0(root) groups=0(root)"
gpu-operator,nvidia-driver-daemonset-7nlw5,nvidia-driver-ctr,"root","uid=0(root) gid=0(root) groups=0(root)"
gpu-operator,nvidia-driver-daemonset-4xpsk,nvidia-driver-ctr,"root","uid=0(root) gid=0(root) groups=0(root)"
gpu-operator,nvidia-driver-daemonset-tkhhm,nvidia-driver-ctr,"root","uid=0(root) gid=0(root) groups=0(root)"
gpu-operator,nvidia-driver-daemonset-49scz,nvidia-driver-ctr,"root","uid=0(root) gid=0(root) groups=0(root)"
gpu-operator,nvidia-operator-validator-9kc4z,nvidia-operator-validator,"root","uid=0(root) gid=0(root) groups=0(root)"
gpu-operator,nvidia-device-plugin-daemonset-wcrvk,nvidia-device-plugin,"root","uid=0(root) gid=0(root) groups=0(root)"
gpu-operator,nvidia-operator-validator-7j6g7,nvidia-operator-validator,"root","uid=0(root) gid=0(root) groups=0(root)"
gpu-operator,nvidia-driver-daemonset-rx58p,nvidia-driver-ctr,"root","uid=0(root) gid=0(root) groups=0(root)"
gpu-operator,nvidia-operator-validator-45xq6,nvidia-operator-validator,"root","uid=0(root) gid=0(root) groups=0(root)"
gpu-operator,nvidia-operator-validator-bktn4,nvidia-operator-validator,"root","uid=0(root) gid=0(root) groups=0(root)"
gpu-operator,nvidia-operator-validator-5m22n,nvidia-operator-validator,"root","uid=0(root) gid=0(root) groups=0(root)"
hydra,hydra-postgresqlha-pgpool-6d785cbc59-rt8fz,pgpool,"",""
hydra,hydra-litellm-5b5b4ccbd9-zmt57,litellm-container,"",""
hydra,hydra-home-page-7b6cdd5bd7-p84wv,home-page,"root","uid=0(root) gid=0(root) groups=0(root),1(bin),2(daemon),3(sys),4(adm),6(disk),10(wheel),11(floppy),20(dialout),26(tape),27(video)"
hydra,hydra-postgresqlha-pgpool-6d785cbc59-x9mws,pgpool,"",""
hydra,hydra-postgresqlha-pgpool-6d785cbc59-tj6mf,pgpool,"",""
hydra,hydra-postgresqlha-postgresql-1,postgresql,"",""
hydra,hydra-litellm-69f579cc85-xtxmm,litellm-container,"root","uid=0(root) gid=0(root) groups=0(root)"
hydra,hydra-postgresqlha-postgresql-0,metrics,"N/A","uid=1001 gid=1001 groups=1001"
hydra,hydra-postgresqlha-postgresql-0,postgresql,"N/A","uid=1001 gid=1001 groups=1001"
hydra,hydra-postgresqlha-postgresql-2,postgresql,"N/A","uid=1001 gid=1001 groups=1001"
hydra,hydra-redis-master-0,redis,"N/A","uid=1001 gid=1001 groups=1001"
hydra,hydra-postgresqlha-postgresql-1,metrics,"N/A","uid=1001 gid=1001 groups=1001"
hydra,hydra-postgresqlha-postgresql-2,metrics,"N/A","uid=1001 gid=1001 groups=1001"
hydra,hydra-redis-master-0,metrics,"N/A","uid=1001 gid=1001 groups=1001"
hydra,hydra-redis-replicas-0,metrics,"N/A","uid=1001 gid=1001 groups=1001"
hydra,hydra-redis-replicas-0,redis,"N/A","uid=1001 gid=1001 groups=1001"
hydra,hydra-redis-replicas-1,redis,"N/A","uid=1001 gid=1001 groups=1001"
hydra,hydra-unieaifrontend-76b8cbb6d9-f2dlc,unieaifrontend,"root","uid=0(root) gid=0(root) groups=0(root)"
hydra,hydra-redis-replicas-2,metrics,"N/A","uid=1001 gid=1001 groups=1001"
hydra,hydra-vllm-taide-llama-3-1-taide-lx-8b-chat-846fcb9744-nwpjj,vllm,"root","uid=0(root) gid=0(root) groups=0(root)"
ingress-nginx,ingress-nginx-controller-7pxvq,controller,"www-data","uid=101(www-data) gid=82(www-data) groups=82(www-data)"
ingress-nginx,ingress-nginx-controller-lzsh6,controller,"www-data","uid=101(www-data) gid=82(www-data) groups=82(www-data)"
hydra,hydra-redis-replicas-2,redis,"N/A","uid=1001 gid=1001 groups=1001"
ingress-nginx,ingress-nginx-controller-kdrbz,controller,"",""
hydra,hydra-redis-replicas-1,metrics,"N/A","uid=1001 gid=1001 groups=1001"
iservice,iservice-deployment-f7cf58f57-xndkx,iservice,"appuser","uid=1000(appuser) gid=1000(appuser) groups=1000(appuser)"
ingress-nginx,ingress-nginx-controller-6rq25,controller,"",""
iservice,pgvector-deployment-5fffb6f659-nbf22,pgvector-db,"root","uid=0(root) gid=0(root) groups=0(root)"
ingress-nginx,ingress-nginx-controller-p2v7w,controller,"www-data","uid=101(www-data) gid=82(www-data) groups=82(www-data)"
iservice-pricing,eval-pricing-6cd698f8d-6fvs9,eval-pricing,"root","uid=0(root) gid=0(root) groups=0(root)"
kai-scheduler,binder-68bbbb4b9c-4dqwf,binder,"N/A","uid=65532 gid=0(root) groups=0(root)"
kai-scheduler,podgroup-controller-c986d54bc-ljzz6,podgroup-controller,"N/A","uid=65532 gid=0(root) groups=0(root)"
ingress-nginx,ingress-nginx-controller-qx4sr,controller,"www-data","uid=101(www-data) gid=82(www-data) groups=82(www-data)"
ingress-nginx,ingress-nginx-controller-rnhfj,controller,"www-data","uid=101(www-data) gid=82(www-data) groups=82(www-data)"
ingress-nginx,ingress-nginx-controller-rwdm5,controller,"www-data","uid=101(www-data) gid=82(www-data) groups=82(www-data)"
kai-scheduler,queuecontroller-968cb4bb7-t847g,queuecontroller,"N/A","uid=65532 gid=0(root) groups=0(root)"
kai-scheduler,scheduler-5b69485864-pct6n,scheduler,"N/A","uid=65532 gid=0(root) groups=0(root)"
kai-scheduler,podgrouper-67ccf47649-rtlbx,podgrouper,"N/A","uid=65532 gid=0(root) groups=0(root)"
kube-system,cilium-envoy-g8hsv,cilium-envoy,"root","uid=0(root) gid=0(root) groups=0(root)"
kube-system,cilium-envoy-d9z2r,cilium-envoy,"root","uid=0(root) gid=0(root) groups=0(root)"
kube-system,cilium-envoy-bgprm,cilium-envoy,"root","uid=0(root) gid=0(root) groups=0(root)"
kube-system,cilium-48555,cilium-agent,"root","uid=0(root) gid=0(root) groups=0(root)"
kube-system,cilium-envoy-vgb2z,cilium-envoy,"root","uid=0(root) gid=0(root) groups=0(root)"
kube-system,cilium-envoy-dz5ht,cilium-envoy,"root","uid=0(root) gid=0(root) groups=0(root)"
kube-system,cilium-d9627,cilium-agent,"root","uid=0(root) gid=0(root) groups=0(root)"
kube-system,cilium-envoy-s5qrp,cilium-envoy,"root","uid=0(root) gid=0(root) groups=0(root)"
kube-system,cilium-kzsl4,cilium-agent,"root","uid=0(root) gid=0(root) groups=0(root)"
kube-system,cilium-m9f64,cilium-agent,"root","uid=0(root) gid=0(root) groups=0(root)"
kube-system,cilium-ftxj5,cilium-agent,"root","uid=0(root) gid=0(root) groups=0(root)"
kube-system,cilium-operator-5698b5594c-c9qwg,cilium-operator,"",""
kube-system,cilium-operator-5698b5594c-5m2bg,cilium-operator,"",""
kube-system,cilium-envoy-xjlqm,cilium-envoy,"root","uid=0(root) gid=0(root) groups=0(root)"
kube-system,cilium-envoy-hmnpw,cilium-envoy,"root","uid=0(root) gid=0(root) groups=0(root)"
kube-system,cilium-vmtpn,cilium-agent,"root","uid=0(root) gid=0(root) groups=0(root)"
kube-system,coredns-659dc5fd74-6mrf2,coredns,"",""
kube-system,cilium-pvg77,cilium-agent,"root","uid=0(root) gid=0(root) groups=0(root)"
kube-system,cilium-xzb8f,cilium-agent,"root","uid=0(root) gid=0(root) groups=0(root)"
kube-system,coredns-659dc5fd74-5kwh9,coredns,"",""
kube-system,csi-iscsi-node-2fg68,iscsi,"root","uid=0(root) gid=0(root) groups=0(root)"
kube-system,csi-iscsi-node-7tmhd,node-driver-registrar,"",""
kube-system,csi-iscsi-node-7tmhd,liveness-probe,"",""
kube-system,csi-iscsi-node-2fg68,liveness-probe,"",""
kube-system,csi-iscsi-node-2fg68,node-driver-registrar,"",""
kube-system,csi-iscsi-node-dpjh9,liveness-probe,"",""
kube-system,csi-iscsi-node-7tmhd,iscsi,"root","uid=0(root) gid=0(root) groups=0(root)"
kube-system,csi-iscsi-node-dpjh9,node-driver-registrar,"",""
kube-system,csi-iscsi-node-hvrpc,node-driver-registrar,"",""
kube-system,csi-iscsi-node-dpjh9,iscsi,"root","uid=0(root) gid=0(root) groups=0(root)"
kube-system,csi-iscsi-node-fh9ms,iscsi,"root","uid=0(root) gid=0(root) groups=0(root)"
kube-system,csi-iscsi-node-fh9ms,liveness-probe,"",""
kube-system,csi-iscsi-node-hvrpc,liveness-probe,"",""
kube-system,csi-iscsi-node-fh9ms,node-driver-registrar,"",""
kube-system,csi-iscsi-node-hvrpc,iscsi,"root","uid=0(root) gid=0(root) groups=0(root)"
kube-system,csi-iscsi-node-qnrkj,liveness-probe,"",""
kube-system,csi-iscsi-node-qnrkj,node-driver-registrar,"",""
kube-system,csi-iscsi-node-qnrkj,iscsi,"root","uid=0(root) gid=0(root) groups=0(root)"
kube-system,csi-iscsi-node-qtgvw,iscsi,"root","uid=0(root) gid=0(root) groups=0(root)"
kube-system,csi-iscsi-node-qtgvw,liveness-probe,"",""
kube-system,csi-iscsi-node-qtgvw,node-driver-registrar,"",""
kube-system,etcd-master-3,etcd,"N/A","N/A"
kube-system,kube-apiserver-master-2,kube-apiserver,"",""
kube-system,etcd-master-1,etcd,"N/A","N/A"
kube-system,kube-apiserver-master-1,kube-apiserver,"",""
kube-system,etcd-master-2,etcd,"N/A","N/A"
kube-system,kube-controller-manager-master-1,kube-controller-manager,"",""
kube-system,kube-apiserver-master-3,kube-apiserver,"",""
kube-system,kube-proxy-nkkgb,kube-proxy,"N/A","N/A"
kube-system,kube-proxy-r89b7,kube-proxy,"N/A","N/A"
kube-system,kube-controller-manager-master-3,kube-controller-manager,"",""
kube-system,kube-proxy-4hm9p,kube-proxy,"N/A","N/A"
kube-system,kube-controller-manager-master-2,kube-controller-manager,"",""
kube-system,kube-proxy-rtp2b,kube-proxy,"N/A","N/A"
kube-system,kube-proxy-ps7xq,kube-proxy,"N/A","N/A"
kube-system,kube-proxy-pnk9r,kube-proxy,"N/A","N/A"
kube-system,kube-proxy-stwcv,kube-proxy,"N/A","N/A"
kube-system,kube-scheduler-master-1,kube-scheduler,"",""
kube-system,kube-proxy-vk85m,kube-proxy,"N/A","N/A"
kube-system,kube-scheduler-master-2,kube-scheduler,"",""
kube-system,nfs-provisioner-69dd87d6fc-m2x7b,nfs-provisioner,"",""
kube-system,metrics-server-7f9799b649-prfsm,metrics-server,"",""
kube-system,kube-scheduler-master-3,kube-scheduler,"",""
kube-system,ssd-nfs-provisioner-546cb6ddb5-f84r8,nfs-provisioner,"",""
kube-system,pgha-provisioner-69bdf68b59-l762g,nfs-provisioner2,"",""
logging,elasticsearch-master-0,elasticsearch,"elasticsearch","uid=1000(elasticsearch) gid=1000(elasticsearch) groups=1000(elasticsearch),0(root)"
logging,elasticsearch-master-2,elasticsearch,"elasticsearch","uid=1000(elasticsearch) gid=1000(elasticsearch) groups=1000(elasticsearch),0(root)"
logging,elasticsearch-master-1,elasticsearch,"elasticsearch","uid=1000(elasticsearch) gid=1000(elasticsearch) groups=1000(elasticsearch),0(root)"
logging,fluent-bit-4724p,fluent-bit,"",""
logging,fluent-bit-l8fkd,fluent-bit,"",""
logging,fluent-bit-cjcv2,fluent-bit,"",""
logging,fluent-bit-m6fdd,fluent-bit,"",""
logging,fluent-bit-t9bkh,fluent-bit,"",""
logging,fluent-bit-n5zdp,fluent-bit,"",""
logging,fluent-bit-wcsg4,fluent-bit,"",""
logging,fluentd-0,fluentd,"",""
logging,kafka-controller-2,kafka,"N/A","uid=1001 gid=1001 groups=1001"
logging,kibana-kibana-5ff5c7fcc4-m4d9j,kibana,"kibana","uid=1000(kibana) gid=1000(kibana) groups=1000(kibana),0(root)"
logging,kafka-controller-1,kafka,"N/A","uid=1001 gid=1001 groups=1001"
logging,kafka-ui-648b459bb-r754z,kafka-ui,"kafkaui","uid=100(kafkaui) gid=101(kafkaui) groups=101(kafkaui)"
logging,opensearch-cluster-master-0,opensearch,"opensearch","uid=1000(opensearch) gid=1000(opensearch) groups=1000(opensearch)"
monitoring,alertmanager-prometheus-kube-prometheus-alertmanager-0,alertmanager,"N/A","uid=1000 gid=2000 groups=2000"
logging,opensearch-dashboards-747f45db4-lqlz2,dashboards,"opensearch-dashboards","uid=1000(opensearch-dashboards) gid=1000(opensearch-dashboards) groups=1000(opensearch-dashboards)"
monitoring,prometheus-kube-state-metrics-847f565bdf-vtsxz,kube-state-metrics,"",""
monitoring,prometheus-blackbox-prometheus-blackbox-exporter-9598495f68ctwf,blackbox-exporter,"N/A","uid=1000 gid=1000 groups=1000"
monitoring,alertmanager-prometheus-kube-prometheus-alertmanager-0,config-reloader,"N/A","uid=1000 gid=2000 groups=2000"
monitoring,prometheus-grafana-6f95467b44-x2lgk,grafana-sc-dashboard,"N/A","uid=472 gid=472 groups=472"
monitoring,prometheus-prometheus-kube-prometheus-prometheus-0,prometheus,"N/A","uid=1000 gid=2000 groups=2000"
monitoring,prometheus-grafana-6f95467b44-x2lgk,grafana-sc-datasources,"N/A","uid=472 gid=472 groups=472"
monitoring,prometheus-grafana-6f95467b44-x2lgk,grafana,"grafana","uid=472(grafana) gid=472 groups=0(root),472"
monitoring,prometheus-kube-prometheus-operator-77b45d69ff-9f6tb,kube-prometheus-stack,"nobody","uid=65534(nobody) gid=65534(nobody) groups=65534(nobody)"
monitoring,prometheus-prometheus-kube-prometheus-prometheus-0,thanos-sidecar,"N/A","uid=1000 gid=2000 groups=2000"
monitoring,prometheus-prometheus-kube-prometheus-prometheus-0,config-reloader,"N/A","uid=1000 gid=2000 groups=2000"
monitoring,prometheus-prometheus-node-exporter-cfxbc,node-exporter,"nobody","uid=65534(nobody) gid=65534(nobody) groups=65534(nobody)"
monitoring,prometheus-prometheus-node-exporter-gbljj,node-exporter,"nobody","uid=65534(nobody) gid=65534(nobody) groups=65534(nobody)"
monitoring,prometheus-prometheus-node-exporter-d9mb6,node-exporter,"nobody","uid=65534(nobody) gid=65534(nobody) groups=65534(nobody)"
monitoring,prometheus-prometheus-node-exporter-kmfxd,node-exporter,"nobody","uid=65534(nobody) gid=65534(nobody) groups=65534(nobody)"
monitoring,prometheus-prometheus-node-exporter-zjrwp,node-exporter,"nobody","uid=65534(nobody) gid=65534(nobody) groups=65534(nobody)"
monitoring,prometheus-prometheus-node-exporter-mwjhx,node-exporter,"nobody","uid=65534(nobody) gid=65534(nobody) groups=65534(nobody)"
monitoring,prometheus-prometheus-node-exporter-rk7mb,node-exporter,"nobody","uid=65534(nobody) gid=65534(nobody) groups=65534(nobody)"
monitoring,thanos-ruler-0,ruler,"",""
monitoring,thanos-query-c656fddf7-nh7wc,query,"",""
monitoring,thanos-bucketweb-64c4866dfb-l64b8,bucketweb,"",""
monitoring,thanos-query-frontend-654c7dbf77-vqmpl,query-frontend,"",""
monitoring,prometheus-prometheus-node-exporter-zjgk4,node-exporter,"nobody","uid=65534(nobody) gid=65534(nobody) groups=65534(nobody)"
monitoring,thanos-storegateway-0,storegateway,"",""
openldap,openldap-0,openldap,"root","uid=0(root) gid=0(root) groups=0(root)"
monitoring,thanos-compactor-59c99c6cdb-jwh5l,compactor,"",""
opensearch-test,opensearch-cluster-master-1,opensearch,"opensearch","uid=1000(opensearch) gid=1000(opensearch) groups=1000(opensearch)"
opensearch-test,opensearch-cluster-master-0,opensearch,"opensearch","uid=1000(opensearch) gid=1000(opensearch) groups=1000(opensearch)"
opensearch-test,opensearch-cluster-master-2,opensearch,"opensearch","uid=1000(opensearch) gid=1000(opensearch) groups=1000(opensearch)"
openldap,phpldapadmin-54cf8f6494-ff6nd,phpldapadmin,"root","uid=0(root) gid=0(root) groups=0(root)"
portal-app-gov113102,gov113102-aaa-openwebui-dfb7476f4-78fsz,openwebui,"root","uid=0(root) gid=0(root) groups=0(root)"
opensearch-test,opensearch-dashboards-test-689df4cbcf-s7z5f,dashboards,"opensearch-dashboards","uid=1000(opensearch-dashboards) gid=1000(opensearch-dashboards) groups=1000(opensearch-dashboards)"
portal-app-gov113102,gov113102-aaa-home-page-5b48bd74d5-bpwbl,home-page,"root","uid=0(root) gid=0(root) groups=0(root),1(bin),2(daemon),3(sys),4(adm),6(disk),10(wheel),11(floppy),20(dialout),26(tape),27(video)"
prome-metric-dev,summary-db-stg-postgresql-ha-postgresql-0,postgresql,"",""
prome-metric-dev,summary-db-stg-postgresql-ha-postgresql-0,metrics,"N/A","uid=1001 gid=1001 groups=1001"
prome-metric-dev,summary-db-stg-postgresql-ha-pgpool-798d96d6df-d7vrk,pgpool,"N/A","uid=1001 gid=1001 groups=1001"
prome-metric-dev,summary-db-stg-postgresql-ha-pgpool-798d96d6df-889nq,pgpool,"",""
prome-metric-dev,summary-db-stg-postgresql-ha-postgresql-2,postgresql,"",""
prome-metric-dev,summary-db-stg-postgresql-ha-pgpool-798d96d6df-fdq7g,pgpool,"N/A","uid=1001 gid=1001 groups=1001"
role-check,cronjob-role-check-29359320-c97g7,cronjob-role-check,"root","uid=0(root) gid=0(root) groups=0(root),1(bin),2(daemon),3(sys),4(adm),6(disk),10(wheel),11(floppy),20(dialout),26(tape),27(video)"
quota-operator,quota-operator-77b5f994c-cf4vs,operator,"root","uid=0(root) gid=0(root) groups=0(root)"
skywalking,elasticsearch-cluster-default-0,elasticsearch,"elasticsearch","uid=1000(elasticsearch) gid=1000(elasticsearch) groups=1000(elasticsearch),0(root)"
prome-metric-dev,summary-db-stg-postgresql-ha-postgresql-1,postgresql,"N/A","uid=1001 gid=1001 groups=1001"
prome-metric-dev,summary-db-stg-postgresql-ha-postgresql-1,metrics,"N/A","uid=1001 gid=1001 groups=1001"
prome-metric-dev,summary-db-stg-postgresql-ha-postgresql-2,metrics,"N/A","uid=1001 gid=1001 groups=1001"
skywalking,skywalking-cluster-master-0,elasticsearch,"elasticsearch","uid=1000(elasticsearch) gid=1000(elasticsearch) groups=1000(elasticsearch),0(root)"
skywalking,skywalking-rover-4wkmn,skywalking-rover,"root","uid=0(root) gid=0(root) groups=0(root),1(bin),2(daemon),3(sys),4(adm),6(disk),10(wheel),11(floppy),20(dialout),26(tape),27(video)"
skywalking,skywalking-rover-pmhxn,skywalking-rover,"root","uid=0(root) gid=0(root) groups=0(root),1(bin),2(daemon),3(sys),4(adm),6(disk),10(wheel),11(floppy),20(dialout),26(tape),27(video)"
skywalking,skywalking-rover-st6t6,skywalking-rover,"root","uid=0(root) gid=0(root) groups=0(root),1(bin),2(daemon),3(sys),4(adm),6(disk),10(wheel),11(floppy),20(dialout),26(tape),27(video)"
skywalking,skywalking-cluster-master-1,elasticsearch,"elasticsearch","uid=1000(elasticsearch) gid=1000(elasticsearch) groups=1000(elasticsearch),0(root)"
skywalking,skywalking-rover-4666n,skywalking-rover,"root","uid=0(root) gid=0(root) groups=0(root),1(bin),2(daemon),3(sys),4(adm),6(disk),10(wheel),11(floppy),20(dialout),26(tape),27(video)"
skywalking,skywalking-cluster-master-2,elasticsearch,"elasticsearch","uid=1000(elasticsearch) gid=1000(elasticsearch) groups=1000(elasticsearch),0(root)"
skywalking,skywalking-rover-dx8hx,skywalking-rover,"root","uid=0(root) gid=0(root) groups=0(root),1(bin),2(daemon),3(sys),4(adm),6(disk),10(wheel),11(floppy),20(dialout),26(tape),27(video)"
skywalking,skywalking-rover-nqtpz,skywalking-rover,"root","uid=0(root) gid=0(root) groups=0(root),1(bin),2(daemon),3(sys),4(adm),6(disk),10(wheel),11(floppy),20(dialout),26(tape),27(video)"
skywalking,skywalking-skywalking-helm-satellite-67f686d79c-xslk8,satellite,"N/A","uid=1000 gid=1000 groups=1000"
skywalking,skywalking-skywalking-helm-oap-765c9f45b-dhcsf,oap,"root","uid=0(root) gid=0(root) groups=0(root)"
skywalking,swck-operator-operator-6fd4b6ff44-25fqq,kube-rbac-proxy,"",""
skywalking,skywalking-skywalking-helm-oap-765c9f45b-5gd86,oap,"root","uid=0(root) gid=0(root) groups=0(root)"
skywalking,skywalking-rover-cfxzn,skywalking-rover,"root","uid=0(root) gid=0(root) groups=0(root),1(bin),2(daemon),3(sys),4(adm),6(disk),10(wheel),11(floppy),20(dialout),26(tape),27(video)"
skywalking,swck-operator-operator-6fd4b6ff44-25fqq,manager,"",""
skywalking,skywalking-skywalking-helm-ui-f49c5b5bf-7fchh,ui,"root","uid=0(root) gid=0(root) groups=0(root)"
slinky,slurm-operator-6b8bc7dfcc-dpsdr,slurm-operator,"",""
slinky,slurm-operator-webhook-6c7cb4795b-chllh,webhook,"",""
slurm,slurm-controller-0,slurmctld,"slurm","uid=401(slurm) gid=401(slurm) groups=401(slurm)"
slurm,slurm-worker-gpu-node-0,slurmd,"root","uid=0(root) gid=0(root) groups=0(root)"
slurm,slurm-controller-0,reconfigure,"slurm","uid=401(slurm) gid=401(slurm) groups=401(slurm)"
slurm,slurm-login-slinky-85f757775d-m6wts,login,"root","uid=0(root) gid=0(root) groups=0(root)"
slurm,slurm-exporter-d47f85d58-tv248,metrics,"",""
slurm,slurm-restapi-f95c6dd6c-lw5w4,slurmrestd,"nobody","uid=65534(nobody) gid=65534(nogroup) groups=65534(nogroup)"
slurm,slurm-worker-tiny-0,slurmd,"root","uid=0(root) gid=0(root) groups=0(root)"
slurm,slurm-worker-slinky-0,slurmd,"root","uid=0(root) gid=0(root) groups=0(root)"
yychen1218,openai-api-forward-796c797565-cr9lb,openai-api-proxy,"root","uid=0(root) gid=0(root) groups=0(root)"
slurm,slurm-worker-tiny-2,slurmd,"root","uid=0(root) gid=0(root) groups=0(root)"
yychen1218,litellm-6fd78d5d76-nkfrg,litellm,"root","uid=0(root) gid=0(root) groups=0(root),1(bin),2(daemon),3(sys),4(adm),6(disk),10(wheel),11(floppy),20(dialout),26(tape),27(video)"
slurm,slurm-worker-tiny-3,slurmd,"root","uid=0(root) gid=0(root) groups=0(root)"
yychen1218,prometheus-55d78dbb7d-xj55d,prometheus,"nobody","uid=65534(nobody) gid=65534(nobody) groups=65534(nobody)"
slurm,slurm-worker-tiny-1,slurmd,"root",""
slurm,slurm-worker-tiny-4,slurmd,"root",""
yychen1218,public-chat-566b9c6ff8-mfpsx,public-chat,"root",""
yychen1218,litellm-db-0,litellm-db,"",""
